[{"@type":"dssTask","id":"@1","name":"sample-sync-task","description":"sample description 3","maxLogs":10,"sourceConnectionId":"@elYGIS118qAbi0MW8QRvyQ","targetConnectionId":"@elYGIS118qAbi0MW8QRvyQ","targetObject":"My_Oppurtunity","targetObjectLabel":"My_Oppurtunity","operation":"Insert","maxRows":0,"truncateTarget":false,"bulkApiDBTarget":false,"verbose":false,"targetMetadataUpdated":false,"modelVersion":"V3-R600","queryAll":false,"srcSettings":{"@type":"taskDataSourceSetting","isShowLabels":true,"isNaturalOrder":true},"tgtSettings":{"@type":"taskDataSourceSetting","isShowLabels":true,"isNaturalOrder":true},"cfSettings":{"@type":"taskDataSourceSetting","isShowLabels":false,"isNaturalOrder":false},"bulkApi":false,"bulkApiSerialMode":false,"bulkApiMonitor":false,"isTargetObjectSfCustom":false,"allowNullUpdates":false,"targetBatchSize":200,"assignmentRuleId":"-1","assignmentRuleType":"None","createSuccessFile":false,"bulkApiHardDelete":false,"srcRuntimeAttrs":{"@type":"taskRuntimeAttrs","attrs":{}},"tgtRuntimeAttrs":{"@type":"taskRuntimeAttrs","attrs":{"Error File Directory":"","Success File Directory":""}},"parameterFileEncoding":"UTF-8","serverlessProperties":{},"sourceObjects":[{"@type":"mObject","name":"My_Orders","label":"My_Orders","metadataUpdated":false,"relations":[],"children":[]}],"advancedFilters":[],"filters":[],"fieldMaps":[{"@type":"fieldMap","id":"5916442","targetField":{"@type":"field","id":22199894,"name":"Id","type":"string","uniqueName":"Id","label":"Id","parentObject":"My_Oppurtunity","pcType":"NSTRING","precision":256,"scale":0,"columnIndex":-1,"isKey":false,"isWaterMarkKey":false,"isExternalId":false,"isSfIdLookup":false,"isNullable":true,"isUnique":false,"isCreateable":false,"isUpdateable":true,"isFilterable":true,"isCalculated":false,"javaType":"java.lang.String","showLabel":true,"naturalOrder":0,"linkedFields":[],"relatedInfos":[],"references":[]}},{"@type":"fieldMap","id":"5916443","targetField":{"@type":"field","id":22199895,"name":"AccountId","type":"string","uniqueName":"AccountId","label":"AccountId","parentObject":"My_Oppurtunity","pcType":"NSTRING","precision":256,"scale":0,"columnIndex":-1,"isKey":false,"isWaterMarkKey":false,"isExternalId":false,"isSfIdLookup":false,"isNullable":true,"isUnique":false,"isCreateable":false,"isUpdateable":true,"isFilterable":true,"isCalculated":false,"javaType":"java.lang.String","showLabel":true,"naturalOrder":1,"linkedFields":[],"relatedInfos":[],"references":[]}},{"@type":"fieldMap","id":"5916444","targetField":{"@type":"field","id":22199896,"name":"Name","type":"string","uniqueName":"Name","label":"Name","parentObject":"My_Oppurtunity","pcType":"NSTRING","precision":256,"scale":0,"columnIndex":-1,"isKey":false,"isWaterMarkKey":false,"isExternalId":false,"isSfIdLookup":false,"isNullable":true,"isUnique":false,"isCreateable":false,"isUpdateable":true,"isFilterable":true,"isCalculated":false,"javaType":"java.lang.String","showLabel":true,"naturalOrder":2,"linkedFields":[],"relatedInfos":[],"references":[]}},{"@type":"fieldMap","id":"5916445","targetField":{"@type":"field","id":22199897,"name":"StageName","type":"string","uniqueName":"StageName","label":"StageName","parentObject":"My_Oppurtunity","pcType":"NSTRING","precision":256,"scale":0,"columnIndex":-1,"isKey":false,"isWaterMarkKey":false,"isExternalId":false,"isSfIdLookup":false,"isNullable":true,"isUnique":false,"isCreateable":false,"isUpdateable":true,"isFilterable":true,"isCalculated":false,"javaType":"java.lang.String","showLabel":true,"naturalOrder":3,"linkedFields":[],"relatedInfos":[],"references":[]}},{"@type":"fieldMap","id":"5916446","targetField":{"@type":"field","id":22199898,"name":"Amount","type":"string","uniqueName":"Amount","label":"Amount","parentObject":"My_Oppurtunity","pcType":"NSTRING","precision":256,"scale":0,"columnIndex":-1,"isKey":false,"isWaterMarkKey":false,"isExternalId":false,"isSfIdLookup":false,"isNullable":true,"isUnique":false,"isCreateable":false,"isUpdateable":true,"isFilterable":true,"isCalculated":false,"javaType":"java.lang.String","showLabel":true,"naturalOrder":4,"linkedFields":[],"relatedInfos":[],"references":[]}},{"@type":"fieldMap","id":"5916447","targetField":{"@type":"field","id":22199899,"name":"ExpectedRevenue","type":"string","uniqueName":"ExpectedRevenue","label":"ExpectedRevenue","parentObject":"My_Oppurtunity","pcType":"NSTRING","precision":256,"scale":0,"columnIndex":-1,"isKey":false,"isWaterMarkKey":false,"isExternalId":false,"isSfIdLookup":false,"isNullable":true,"isUnique":false,"isCreateable":false,"isUpdateable":true,"isFilterable":true,"isCalculated":false,"javaType":"java.lang.String","showLabel":true,"naturalOrder":5,"linkedFields":[],"relatedInfos":[],"references":[]}},{"@type":"fieldMap","id":"5916448","targetField":{"@type":"field","id":22199900,"name":"TotalOpportunityQuantity","type":"string","uniqueName":"TotalOpportunityQuantity","label":"TotalOpportunityQuantity","parentObject":"My_Oppurtunity","pcType":"NSTRING","precision":256,"scale":0,"columnIndex":-1,"isKey":false,"isWaterMarkKey":false,"isExternalId":false,"isSfIdLookup":false,"isNullable":true,"isUnique":false,"isCreateable":false,"isUpdateable":true,"isFilterable":true,"isCalculated":false,"javaType":"java.lang.String","showLabel":true,"naturalOrder":6,"linkedFields":[],"relatedInfos":[],"references":[]}},{"@type":"fieldMap","id":"5916449","targetField":{"@type":"field","id":22199901,"name":"CloseDate","type":"string","uniqueName":"CloseDate","label":"CloseDate","parentObject":"My_Oppurtunity","pcType":"NSTRING","precision":256,"scale":0,"columnIndex":-1,"isKey":false,"isWaterMarkKey":false,"isExternalId":false,"isSfIdLookup":false,"isNullable":true,"isUnique":false,"isCreateable":false,"isUpdateable":true,"isFilterable":true,"isCalculated":false,"javaType":"java.lang.String","showLabel":true,"naturalOrder":7,"linkedFields":[],"relatedInfos":[],"references":[]}},{"@type":"fieldMap","id":"5916450","targetField":{"@type":"field","id":22199902,"name":"Type","type":"string","uniqueName":"Type","label":"Type","parentObject":"My_Oppurtunity","pcType":"NSTRING","precision":256,"scale":0,"columnIndex":-1,"isKey":false,"isWaterMarkKey":false,"isExternalId":false,"isSfIdLookup":false,"isNullable":true,"isUnique":false,"isCreateable":false,"isUpdateable":true,"isFilterable":true,"isCalculated":false,"javaType":"java.lang.String","showLabel":true,"naturalOrder":8,"linkedFields":[],"relatedInfos":[],"references":[]}},{"@type":"fieldMap","id":"5916451","targetField":{"@type":"field","id":22199903,"name":"NextStep","type":"string","uniqueName":"NextStep","label":"NextStep","parentObject":"My_Oppurtunity","pcType":"NSTRING","precision":256,"scale":0,"columnIndex":-1,"isKey":false,"isWaterMarkKey":false,"isExternalId":false,"isSfIdLookup":false,"isNullable":true,"isUnique":false,"isCreateable":false,"isUpdateable":true,"isFilterable":true,"isCalculated":false,"javaType":"java.lang.String","showLabel":true,"naturalOrder":9,"linkedFields":[],"relatedInfos":[],"references":[]}},{"@type":"fieldMap","id":"5916452","targetField":{"@type":"field","id":22199904,"name":"LeadSource","type":"string","uniqueName":"LeadSource","label":"LeadSource","parentObject":"My_Oppurtunity","pcType":"NSTRING","precision":256,"scale":0,"columnIndex":-1,"isKey":false,"isWaterMarkKey":false,"isExternalId":false,"isSfIdLookup":false,"isNullable":true,"isUnique":false,"isCreateable":false,"isUpdateable":true,"isFilterable":true,"isCalculated":false,"javaType":"java.lang.String","showLabel":true,"naturalOrder":10,"linkedFields":[],"relatedInfos":[],"references":[]}},{"@type":"fieldMap","id":"5916453","targetField":{"@type":"field","id":22199905,"name":"IsClosed","type":"string","uniqueName":"IsClosed","label":"IsClosed","parentObject":"My_Oppurtunity","pcType":"NSTRING","precision":256,"scale":0,"columnIndex":-1,"isKey":false,"isWaterMarkKey":false,"isExternalId":false,"isSfIdLookup":false,"isNullable":true,"isUnique":false,"isCreateable":false,"isUpdateable":true,"isFilterable":true,"isCalculated":false,"javaType":"java.lang.String","showLabel":true,"naturalOrder":11,"linkedFields":[],"relatedInfos":[],"references":[]}},{"@type":"fieldMap","id":"5916454","targetField":{"@type":"field","id":22199906,"name":"IsWon","type":"string","uniqueName":"IsWon","label":"IsWon","parentObject":"My_Oppurtunity","pcType":"NSTRING","precision":256,"scale":0,"columnIndex":-1,"isKey":false,"isWaterMarkKey":false,"isExternalId":false,"isSfIdLookup":false,"isNullable":true,"isUnique":false,"isCreateable":false,"isUpdateable":true,"isFilterable":true,"isCalculated":false,"javaType":"java.lang.String","showLabel":true,"naturalOrder":12,"linkedFields":[],"relatedInfos":[],"references":[]}},{"@type":"fieldMap","id":"5916455","targetField":{"@type":"field","id":22199907,"name":"ForecastCategory","type":"string","uniqueName":"ForecastCategory","label":"ForecastCategory","parentObject":"My_Oppurtunity","pcType":"NSTRING","precision":256,"scale":0,"columnIndex":-1,"isKey":false,"isWaterMarkKey":false,"isExternalId":false,"isSfIdLookup":false,"isNullable":true,"isUnique":false,"isCreateable":false,"isUpdateable":true,"isFilterable":true,"isCalculated":false,"javaType":"java.lang.String","showLabel":true,"naturalOrder":13,"linkedFields":[],"relatedInfos":[],"references":[]}},{"@type":"fieldMap","id":"5916456","targetField":{"@type":"field","id":22199908,"name":"ForecastCategoryName","type":"string","uniqueName":"ForecastCategoryName","label":"ForecastCategoryName","parentObject":"My_Oppurtunity","pcType":"NSTRING","precision":256,"scale":0,"columnIndex":-1,"isKey":false,"isWaterMarkKey":false,"isExternalId":false,"isSfIdLookup":false,"isNullable":true,"isUnique":false,"isCreateable":false,"isUpdateable":true,"isFilterable":true,"isCalculated":false,"javaType":"java.lang.String","showLabel":true,"naturalOrder":14,"linkedFields":[],"relatedInfos":[],"references":[]}},{"@type":"fieldMap","id":"5916457","targetField":{"@type":"field","id":22199909,"name":"CampaignId","type":"string","uniqueName":"CampaignId","label":"CampaignId","parentObject":"My_Oppurtunity","pcType":"NSTRING","precision":256,"scale":0,"columnIndex":-1,"isKey":false,"isWaterMarkKey":false,"isExternalId":false,"isSfIdLookup":false,"isNullable":true,"isUnique":false,"isCreateable":false,"isUpdateable":true,"isFilterable":true,"isCalculated":false,"javaType":"java.lang.String","showLabel":true,"naturalOrder":15,"linkedFields":[],"relatedInfos":[],"references":[]}},{"@type":"fieldMap","id":"5916458","targetField":{"@type":"field","id":22199910,"name":"Fiscal","type":"string","uniqueName":"Fiscal","label":"Fiscal","parentObject":"My_Oppurtunity","pcType":"NSTRING","precision":256,"scale":0,"columnIndex":-1,"isKey":false,"isWaterMarkKey":false,"isExternalId":false,"isSfIdLookup":false,"isNullable":true,"isUnique":false,"isCreateable":false,"isUpdateable":true,"isFilterable":true,"isCalculated":false,"javaType":"java.lang.String","showLabel":true,"naturalOrder":16,"linkedFields":[],"relatedInfos":[],"references":[]}},{"@type":"fieldMap","id":"5916459","targetField":{"@type":"field","id":22199911,"name":"LastViewedDate","type":"string","uniqueName":"LastViewedDate","label":"LastViewedDate","parentObject":"My_Oppurtunity","pcType":"NSTRING","precision":256,"scale":0,"columnIndex":-1,"isKey":false,"isWaterMarkKey":false,"isExternalId":false,"isSfIdLookup":false,"isNullable":true,"isUnique":false,"isCreateable":false,"isUpdateable":true,"isFilterable":true,"isCalculated":false,"javaType":"java.lang.String","showLabel":true,"naturalOrder":17,"linkedFields":[],"relatedInfos":[],"references":[]}},{"@type":"fieldMap","id":"5916460","targetField":{"@type":"field","id":22199912,"name":"LastReferencedDate","type":"string","uniqueName":"LastReferencedDate","label":"LastReferencedDate","parentObject":"My_Oppurtunity","pcType":"NSTRING","precision":256,"scale":0,"columnIndex":-1,"isKey":false,"isWaterMarkKey":false,"isExternalId":false,"isSfIdLookup":false,"isNullable":true,"isUnique":false,"isCreateable":false,"isUpdateable":true,"isFilterable":true,"isCalculated":false,"javaType":"java.lang.String","showLabel":true,"naturalOrder":18,"linkedFields":[],"relatedInfos":[],"references":[]}},{"@type":"fieldMap","id":"5916461","targetField":{"@type":"field","id":22199913,"name":"SyncedQuoteId","type":"string","uniqueName":"SyncedQuoteId","label":"SyncedQuoteId","parentObject":"My_Oppurtunity","pcType":"NSTRING","precision":256,"scale":0,"columnIndex":-1,"isKey":false,"isWaterMarkKey":false,"isExternalId":false,"isSfIdLookup":false,"isNullable":true,"isUnique":false,"isCreateable":false,"isUpdateable":true,"isFilterable":true,"isCalculated":false,"javaType":"java.lang.String","showLabel":true,"naturalOrder":19,"linkedFields":[],"relatedInfos":[],"references":[]}},{"@type":"fieldMap","id":"5916462","targetField":{"@type":"field","id":22199914,"name":"HasOpenActivity","type":"string","uniqueName":"HasOpenActivity","label":"HasOpenActivity","parentObject":"My_Oppurtunity","pcType":"NSTRING","precision":256,"scale":0,"columnIndex":-1,"isKey":false,"isWaterMarkKey":false,"isExternalId":false,"isSfIdLookup":false,"isNullable":true,"isUnique":false,"isCreateable":false,"isUpdateable":true,"isFilterable":true,"isCalculated":false,"javaType":"java.lang.String","showLabel":true,"naturalOrder":20,"linkedFields":[],"relatedInfos":[],"references":[]}},{"@type":"fieldMap","id":"5916463","targetField":{"@type":"field","id":22199915,"name":"HasOverdueTask","type":"string","uniqueName":"HasOverdueTask","label":"HasOverdueTask","parentObject":"My_Oppurtunity","pcType":"NSTRING","precision":256,"scale":0,"columnIndex":-1,"isKey":false,"isWaterMarkKey":false,"isExternalId":false,"isSfIdLookup":false,"isNullable":true,"isUnique":false,"isCreateable":false,"isUpdateable":true,"isFilterable":true,"isCalculated":false,"javaType":"java.lang.String","showLabel":true,"naturalOrder":21,"linkedFields":[],"relatedInfos":[],"references":[]}},{"@type":"fieldMap","id":"5916464","targetField":{"@type":"field","id":22199916,"name":"DeliveryInstallationStatus__c","type":"string","uniqueName":"DeliveryInstallationStatus__c","label":"DeliveryInstallationStatus__c","parentObject":"My_Oppurtunity","pcType":"NSTRING","precision":256,"scale":0,"columnIndex":-1,"isKey":false,"isWaterMarkKey":false,"isExternalId":false,"isSfIdLookup":false,"isNullable":true,"isUnique":false,"isCreateable":false,"isUpdateable":true,"isFilterable":true,"isCalculated":false,"javaType":"java.lang.String","showLabel":true,"naturalOrder":22,"linkedFields":[],"relatedInfos":[],"references":[]}},{"@type":"fieldMap","id":"5916465","targetField":{"@type":"field","id":22199917,"name":"TrackingNumber__c","type":"string","uniqueName":"TrackingNumber__c","label":"TrackingNumber__c","parentObject":"My_Oppurtunity","pcType":"NSTRING","precision":256,"scale":0,"columnIndex":-1,"isKey":false,"isWaterMarkKey":false,"isExternalId":false,"isSfIdLookup":false,"isNullable":true,"isUnique":false,"isCreateable":false,"isUpdateable":true,"isFilterable":true,"isCalculated":false,"javaType":"java.lang.String","showLabel":true,"naturalOrder":23,"linkedFields":[],"relatedInfos":[],"references":[]}},{"@type":"fieldMap","id":"5916466","targetField":{"@type":"field","id":22199918,"name":"OrderNumber__c","type":"string","uniqueName":"OrderNumber__c","label":"OrderNumber__c","parentObject":"My_Oppurtunity","pcType":"NSTRING","precision":256,"scale":0,"columnIndex":-1,"isKey":false,"isWaterMarkKey":false,"isExternalId":false,"isSfIdLookup":false,"isNullable":true,"isUnique":false,"isCreateable":false,"isUpdateable":true,"isFilterable":true,"isCalculated":false,"javaType":"java.lang.String","showLabel":true,"naturalOrder":24,"linkedFields":["orderNumber"],"relatedInfos":[],"references":[]},"expression":"orderNumber"},{"@type":"fieldMap","id":"5916467","targetField":{"@type":"field","id":22199919,"name":"CurrentGenerators__c","type":"string","uniqueName":"CurrentGenerators__c","label":"CurrentGenerators__c","parentObject":"My_Oppurtunity","pcType":"NSTRING","precision":256,"scale":0,"columnIndex":-1,"isKey":false,"isWaterMarkKey":false,"isExternalId":false,"isSfIdLookup":false,"isNullable":true,"isUnique":false,"isCreateable":false,"isUpdateable":true,"isFilterable":true,"isCalculated":false,"javaType":"java.lang.String","showLabel":true,"naturalOrder":25,"linkedFields":[],"relatedInfos":[],"references":[]}},{"@type":"fieldMap","id":"5916468","targetField":{"@type":"field","id":22199920,"name":"MainCompetitors__c","type":"string","uniqueName":"MainCompetitors__c","label":"MainCompetitors__c","parentObject":"My_Oppurtunity","pcType":"NSTRING","precision":256,"scale":0,"columnIndex":-1,"isKey":false,"isWaterMarkKey":false,"isExternalId":false,"isSfIdLookup":false,"isNullable":true,"isUnique":false,"isCreateable":false,"isUpdateable":true,"isFilterable":true,"isCalculated":false,"javaType":"java.lang.String","showLabel":true,"naturalOrder":26,"linkedFields":[],"relatedInfos":[],"references":[]}}],"sourceFields":[{"@type":"field","id":22199921,"name":"customerId","type":"string","uniqueName":"customerId","label":"customerId","parentObject":"My_Orders","pcType":"NSTRING","precision":256,"scale":0,"columnIndex":-1,"isKey":false,"isWaterMarkKey":false,"isExternalId":false,"isSfIdLookup":false,"isNullable":true,"isUnique":false,"isCreateable":false,"isUpdateable":true,"isFilterable":true,"isCalculated":false,"javaType":"java.lang.String","showLabel":true,"naturalOrder":0,"linkedFields":[],"relatedInfos":[],"references":[]},{"@type":"field","id":22199922,"name":"orderNumber","type":"string","uniqueName":"orderNumber","label":"orderNumber","parentObject":"My_Orders","pcType":"NSTRING","precision":256,"scale":0,"columnIndex":-1,"isKey":false,"isWaterMarkKey":false,"isExternalId":false,"isSfIdLookup":false,"isNullable":true,"isUnique":false,"isCreateable":false,"isUpdateable":true,"isFilterable":true,"isCalculated":false,"javaType":"java.lang.String","showLabel":true,"naturalOrder":1,"linkedFields":["OrderNumber__c"],"relatedInfos":[],"references":[]},{"@type":"field","id":22199923,"name":"orderDate","type":"string","uniqueName":"orderDate","label":"orderDate","parentObject":"My_Orders","pcType":"NSTRING","precision":256,"scale":0,"columnIndex":-1,"isKey":false,"isWaterMarkKey":false,"isExternalId":false,"isSfIdLookup":false,"isNullable":true,"isUnique":false,"isCreateable":false,"isUpdateable":true,"isFilterable":true,"isCalculated":false,"javaType":"java.lang.String","showLabel":true,"naturalOrder":2,"linkedFields":[],"relatedInfos":[],"references":[]},{"@type":"field","id":22199924,"name":"requiredDate","type":"string","uniqueName":"requiredDate","label":"requiredDate","parentObject":"My_Orders","pcType":"NSTRING","precision":256,"scale":0,"columnIndex":-1,"isKey":false,"isWaterMarkKey":false,"isExternalId":false,"isSfIdLookup":false,"isNullable":true,"isUnique":false,"isCreateable":false,"isUpdateable":true,"isFilterable":true,"isCalculated":false,"javaType":"java.lang.String","showLabel":true,"naturalOrder":3,"linkedFields":[],"relatedInfos":[],"references":[]},{"@type":"field","id":22199925,"name":"shippedDate","type":"string","uniqueName":"shippedDate","label":"shippedDate","parentObject":"My_Orders","pcType":"NSTRING","precision":256,"scale":0,"columnIndex":-1,"isKey":false,"isWaterMarkKey":false,"isExternalId":false,"isSfIdLookup":false,"isNullable":true,"isUnique":false,"isCreateable":false,"isUpdateable":true,"isFilterable":true,"isCalculated":false,"javaType":"java.lang.String","showLabel":true,"naturalOrder":4,"linkedFields":[],"relatedInfos":[],"references":[]},{"@type":"field","id":22199926,"name":"status","type":"string","uniqueName":"status","label":"status","parentObject":"My_Orders","pcType":"NSTRING","precision":256,"scale":0,"columnIndex":-1,"isKey":false,"isWaterMarkKey":false,"isExternalId":false,"isSfIdLookup":false,"isNullable":true,"isUnique":false,"isCreateable":false,"isUpdateable":true,"isFilterable":true,"isCalculated":false,"javaType":"java.lang.String","showLabel":true,"naturalOrder":5,"linkedFields":[],"relatedInfos":[],"references":[]},{"@type":"field","id":22199927,"name":"comments","type":"string","uniqueName":"comments","label":"comments","parentObject":"My_Orders","pcType":"NSTRING","precision":256,"scale":0,"columnIndex":-1,"isKey":false,"isWaterMarkKey":false,"isExternalId":false,"isSfIdLookup":false,"isNullable":true,"isUnique":false,"isCreateable":false,"isUpdateable":true,"isFilterable":true,"isCalculated":false,"javaType":"java.lang.String","showLabel":true,"naturalOrder":6,"linkedFields":[],"relatedInfos":[],"references":[]}],"sortFields":[],"groupFields":[]}]